scenario,model,seed,retention,budget_mode,label_policy,defense,val_min_nn_distance,val_benign_dropped_frac,target_poison_ratio,round,threshold_mode,threshold,n_train,n_honeypot,poison_ratio,hp_mean_weight,hp_zero_weight_frac,hp_effective_ratio,defense_seconds,fit_seconds,fpr,tpr,precision,f1,auroc,tn,fp,fn,tp,cum_flows,cum_packets,cum_bytes,cum_duration_s,batch_flows,batch_packets,batch_bytes,batch_duration_s,batch_admitted,batch_resampled,tpr_seen_both,n_seen_both,tpr_seed_only,n_seed_only,tpr_honeypot_only,n_honeypot_only,jitter,cost_padding,dataset,d1_estar,d1_gamma,d1_components,d1_quantile,d1_reference,d1_estar_effective,uniform_w,fidelity_median,fidelity_p5,fidelity_p95,fidelity_n
a1,rf,5,accumulate,fixed_ratio,auto_malicious,none,0.1,0.9418628454452406,0.1,0,fixed,0.38266666666666665,30000,0,0.0,,,0.0,0.0,1.6539443000219762,0.004625,0.7772554105536192,0.9810722324534479,0.8673510922165438,0.961020377725541,39815,185,2748,9589,0,0.0,0.0,0.0,0,0.0,0.0,0.0,True,False,0.8042425639843209,4337,0.99525,4000,0.53,4000,0.3,1.0,cicids,,,,,,,,0.25428254021284247,0.18769657477429896,0.32843692199692837,2000
a1,rf,5,accumulate,fixed_ratio,auto_malicious,none,0.1,0.9418628454452406,0.1,0,recalibrated,0.285016317016317,30000,0,0.0,,,0.0,0.0,1.6539443000219762,0.00995,0.8056253546243008,0.9614975331334042,0.8766869542206932,0.961020377725541,39602,398,2398,9939,0,0.0,0.0,0.0,0,0.0,0.0,0.0,True,False,0.8194604565367766,4337,0.996,4000,0.60025,4000,0.3,1.0,cicids,,,,,,,,0.25428254021284247,0.18769657477429896,0.32843692199692837,2000
a1,rf,5,accumulate,fixed_ratio,auto_malicious,none,0.1,0.9424769703172978,0.1,1,fixed,0.38266666666666665,30167,167,0.005535850432591905,1.0,0.0,0.005535850432591905,2.8700014809146523e-05,2.0492158999841195,0.004675,0.8219988652022372,0.9818938807126258,0.8948599161703066,0.9797353367917646,39813,187,2196,10141,167,2964.1041707020413,2168622.12994641,7477.589666898368,167,2964.1041707020413,2168622.12994641,7477.589666898368,True,False,0.772192759972331,4337,0.995,4000,0.703,4000,0.3,1.0,cicids,,,,,,,,0.25428254021284247,0.18769657477429896,0.32843692199692837,2000
a1,rf,5,accumulate,fixed_ratio,auto_malicious,none,0.1,0.9424769703172978,0.1,1,recalibrated,0.20062763010657622,30167,167,0.005535850432591905,1.0,0.0,0.005535850432591905,2.8700014809146523e-05,2.0492158999841195,0.01,0.8660938639863824,0.963915200721696,0.9123900606267612,0.9797353367917646,39600,400,1652,10685,167,2964.1041707020413,2168622.12994641,7477.589666898368,167,2964.1041707020413,2168622.12994641,7477.589666898368,True,False,0.8515102605487664,4337,0.9965,4000,0.7515,4000,0.3,1.0,cicids,,,,,,,,0.25428254021284247,0.18769657477429896,0.32843692199692837,2000
a1,rf,5,accumulate,fixed_ratio,auto_malicious,none,0.1,0.9359263050153531,0.1,2,fixed,0.38266666666666665,30333,333,0.010978142616951835,1.0,0.0,0.010978142616951835,2.8499984182417393e-05,2.198541599995224,0.00495,0.8106508875739645,0.9805863319933327,0.8875576854810082,0.9780429206857421,39802,198,2336,10001,333,6540.063647069045,6864875.460289599,13847.216159618634,166,3575.959476367004,4696253.33034319,6369.626492720267,True,False,0.7666589808623473,4337,0.99525,4000,0.67375,4000,0.3,1.0,cicids,,,,,,,,0.25428254021284247,0.18769657477429896,0.32843692199692837,2000
a1,rf,5,accumulate,fixed_ratio,auto_malicious,none,0.1,0.9359263050153531,0.1,2,recalibrated,0.2693333333333333,30333,333,0.010978142616951835,1.0,0.0,0.010978142616951835,2.8499984182417393e-05,2.198541599995224,0.01,0.8430736807976007,0.9629663920007406,0.8990405393724608,0.9780429206857421,39600,400,1936,10401,333,6540.063647069045,6864875.460289599,13847.216159618634,166,3575.959476367004,4696253.33034319,6369.626492720267,True,False,0.8104680654830528,4337,0.99575,4000,0.72575,4000,0.3,1.0,cicids,,,,,,,,0.25428254021284247,0.18769657477429896,0.32843692199692837,2000
a1,rf,5,accumulate,fixed_ratio,auto_malicious,none,0.1,0.9344933469805528,0.1,3,fixed,0.38266666666666665,30500,500,0.01639344262295082,1.0,0.0,0.01639344262295082,2.989999484270811e-05,2.3581391999905463,0.0131,0.7973575423522736,0.949425731107036,0.8667724028548771,0.9610807388344006,39476,524,2500,9837,500,9685.933062006236,9175500.538726792,19637.23524507499,167,3145.86941493719,2310625.0784371933,5790.019085456354,True,False,0.7657366843440166,4337,0.99475,4000,0.63425,4000,0.3,1.0,cicids,,,,,,,,0.25428254021284247,0.18769657477429896,0.32843692199692837,2000
a1,rf,5,accumulate,fixed_ratio,auto_malicious,none,0.1,0.9344933469805528,0.1,3,recalibrated,0.4635604395604396,30500,500,0.01639344262295082,1.0,0.0,0.01639344262295082,2.989999484270811e-05,2.3581391999905463,0.0098,0.7767690686552646,0.960701754385965,0.8589996414485479,0.9610807388344006,39608,392,2754,9583,500,9685.933062006236,9175500.538726792,19637.23524507499,167,3145.86941493719,2310625.0784371933,5790.019085456354,True,False,0.7528245330873876,4337,0.99425,4000,0.58525,4000,0.3,1.0,cicids,,,,,,,,0.25428254021284247,0.18769657477429896,0.32843692199692837,2000
a1,rf,5,accumulate,fixed_ratio,auto_malicious,none,0.1,0.9353121801432958,0.1,4,fixed,0.38266666666666665,30667,667,0.0217497635895262,1.0,0.0,0.0217497635895262,3.2899988582357764e-05,2.224963399989065,0.010125,0.8219988652022372,0.9615968139578988,0.8863348337193551,0.9652053457080327,39595,405,2196,10141,667,12170.526435590324,11251182.985299049,37882.46273411138,167,2484.5933735840886,2075682.446572257,18245.22748903639,True,False,0.7645838136961033,4337,0.99575,4000,0.7105,4000,0.3,1.0,cicids,,,,,,,,0.25428254021284247,0.18769657477429896,0.32843692199692837,2000
a1,rf,5,accumulate,fixed_ratio,auto_malicious,none,0.1,0.9353121801432958,0.1,4,recalibrated,0.3953766233766234,30667,667,0.0217497635895262,1.0,0.0,0.0217497635895262,3.2899988582357764e-05,2.224963399989065,0.009875,0.8187565858798735,0.9623666158536586,0.884772040467744,0.9652053457080327,39605,395,2236,10101,667,12170.526435590324,11251182.985299049,37882.46273411138,167,2484.5933735840886,2075682.446572257,18245.22748903639,True,False,0.761355775881946,4337,0.99575,4000,0.704,4000,0.3,1.0,cicids,,,,,,,,0.25428254021284247,0.18769657477429896,0.32843692199692837,2000
a1,rf,5,accumulate,fixed_ratio,auto_malicious,none,0.1,0.9375639713408394,0.1,5,fixed,0.38266666666666665,30833,833,0.02701650828657607,1.0,0.0,0.02701650828657607,2.829998265951872e-05,2.3117028000124265,0.015875,0.7741752451973738,0.9376595326919301,0.848110820050615,0.9722806628434789,39365,635,2786,9551,833,15541.04095067361,21219662.09606091,55334.617463488816,166,3370.5145150832864,9968479.110761859,17452.154729377435,True,False,0.694028130043809,4337,0.9955,4000,0.63975,4000,0.3,1.0,cicids,,,,,,,,0.25428254021284247,0.18769657477429896,0.32843692199692837,2000
a1,rf,5,accumulate,fixed_ratio,auto_malicious,none,0.1,0.9375639713408394,0.1,5,recalibrated,0.5213550051599587,30833,833,0.02701650828657607,1.0,0.0,0.02701650828657607,2.829998265951872e-05,2.3117028000124265,0.00995,0.7205965793953149,0.9571490094745909,0.8221965317919074,0.9722806628434789,39602,398,3447,8890,833,15541.04095067361,21219662.09606091,55334.617463488816,166,3370.5145150832864,9968479.110761859,17452.154729377435,True,False,0.6073322573207286,4337,0.99475,4000,0.56925,4000,0.3,1.0,cicids,,,,,,,,0.25428254021284247,0.18769657477429896,0.32843692199692837,2000
a1,rf,5,accumulate,fixed_ratio,auto_malicious,none,0.1,0.936949846468782,0.1,6,fixed,0.38266666666666665,31000,1000,0.03225806451612903,1.0,0.0,0.03225806451612903,2.4899985874071717e-05,2.2410865999991074,0.006825,0.7838210261814055,0.972543497938248,0.8680430879712746,0.9498284266839588,39727,273,2667,9670,1000,18515.29616961446,23522460.96868617,63911.89707164262,167,2974.2552189408475,2302798.872625262,8577.279608153804,True,False,0.6718930136038737,4337,0.99525,4000,0.69375,4000,0.3,1.0,cicids,,,,,,,,0.25428254021284247,0.18769657477429896,0.32843692199692837,2000
a1,rf,5,accumulate,fixed_ratio,auto_malicious,none,0.1,0.936949846468782,0.1,6,recalibrated,0.30466666666666664,31000,1000,0.03225806451612903,1.0,0.0,0.03225806451612903,2.4899985874071717e-05,2.2410865999991074,0.009975,0.80570641160736,0.9614082599864591,0.8766978303051685,0.9498284266839588,39601,399,2397,9940,1000,18515.29616961446,23522460.96868617,63911.89707164262,167,2974.2552189408475,2302798.872625262,8577.279608153804,True,False,0.7011759280608716,4337,0.996,4000,0.72875,4000,0.3,1.0,cicids,,,,,,,,0.25428254021284247,0.18769657477429896,0.32843692199692837,2000
a1,rf,5,accumulate,fixed_ratio,auto_malicious,none,0.1,0.9389969293756397,0.1,7,fixed,0.38266666666666665,31167,1167,0.03744344980267591,1.0,0.0,0.03744344980267591,2.5899993488565087e-05,2.188346899987664,0.01225,0.8095971467941964,0.9532353502576828,0.8755643217181679,0.9665217222582475,39510,490,2349,9988,1167,20946.084046860295,26665316.442780044,82309.52801032824,167,2430.7878772458366,3142855.474093872,18397.630938685626,True,False,0.7636615171777726,4337,0.99475,4000,0.67425,4000,0.3,1.0,cicids,,,,,,,,0.25428254021284247,0.18769657477429896,0.32843692199692837,2000
a1,rf,5,accumulate,fixed_ratio,auto_malicious,none,0.1,0.9389969293756397,0.1,7,recalibrated,0.49616666666666664,31167,1167,0.03744344980267591,1.0,0.0,0.03744344980267591,2.5899993488565087e-05,2.188346899987664,0.01,0.7560995379751966,0.9588815789473685,0.8455019261273511,0.9665217222582475,39600,400,3009,9328,1167,20946.084046860295,26665316.442780044,82309.52801032824,167,2430.7878772458366,3142855.474093872,18397.630938685626,True,False,0.6795019598801014,4337,0.994,4000,0.60125,4000,0.3,1.0,cicids,,,,,,,,0.25428254021284247,0.18769657477429896,0.32843692199692837,2000
a1,rf,5,accumulate,fixed_ratio,auto_malicious,none,0.1,0.9295803480040942,0.1,8,fixed,0.38266666666666665,31333,1333,0.0425430057766572,1.0,0.0,0.0425430057766572,2.719997428357601e-05,2.271322100015823,0.013275,0.7577206776363784,0.9462496204069237,0.841555635577962,0.9753175204668882,39469,531,2989,9348,1333,23589.823600782613,28644696.618079063,90090.26900504882,166,2643.739553922319,1979380.1752990203,7780.740994720572,True,False,0.6564445469218354,4337,0.995,4000,0.63025,4000,0.3,1.0,cicids,,,,,,,,0.25428254021284247,0.18769657477429896,0.32843692199692837,2000
a1,rf,5,accumulate,fixed_ratio,auto_malicious,none,0.1,0.9295803480040942,0.1,8,recalibrated,0.41273941707390394,31333,1333,0.0425430057766572,1.0,0.0,0.0425430057766572,2.719997428357601e-05,2.271322100015823,0.009975,0.7373753748885467,0.9579823083403538,0.8333256996290019,0.9753175204668882,39601,399,3240,9097,1333,23589.823600782613,28644696.618079063,90090.26900504882,166,2643.739553922319,1979380.1752990203,7780.740994720572,True,False,0.60571823841365,4337,0.9945,4000,0.623,4000,0.3,1.0,cicids,,,,,,,,0.25428254021284247,0.18769657477429896,0.32843692199692837,2000
a1,rf,5,accumulate,fixed_ratio,auto_malicious,none,0.1,0.9373592630501535,0.1,9,fixed,0.38266666666666665,31500,1500,0.047619047619047616,1.0,0.0,0.047619047619047616,2.6699999580159783e-05,2.3504438000090886,0.011275,0.7663127178406419,0.954467440686522,0.8501034079669095,0.9661805594958256,39549,451,2883,9454,1500,26491.751274526374,31092024.108503602,104989.99983075885,167,2901.927673743761,2447327.4904245404,14899.730825710032,True,False,0.6795019598801014,4337,0.9955,4000,0.63125,4000,0.3,1.0,cicids,,,,,,,,0.25428254021284247,0.18769657477429896,0.32843692199692837,2000
a1,rf,5,accumulate,fixed_ratio,auto_malicious,none,0.1,0.9373592630501535,0.1,9,recalibrated,0.3933333333333333,31500,1500,0.047619047619047616,1.0,0.0,0.047619047619047616,2.6699999580159783e-05,2.3504438000090886,0.009975,0.7560184809921374,0.958975940777298,0.8454879209536328,0.9661805594958256,39601,399,3010,9327,1500,26491.751274526374,31092024.108503602,104989.99983075885,167,2901.927673743761,2447327.4904245404,14899.730825710032,True,False,0.6698178464376296,4337,0.995,4000,0.6105,4000,0.3,1.0,cicids,,,,,,,,0.25428254021284247,0.18769657477429896,0.32843692199692837,2000
a1,rf,5,accumulate,fixed_ratio,auto_malicious,none,0.1,0.9277379733879222,0.1,10,fixed,0.38266666666666665,31667,1667,0.052641551141566933,1.0,0.0,0.052641551141566933,2.3100001271814108e-05,2.4256220999814104,0.0156,0.7540731133987193,0.937141130250831,0.835698886094143,0.9806027792413067,39376,624,3034,9303,1667,28923.516337807487,32272492.424091835,113011.98750180546,167,2431.7650632811146,1180468.315588233,8021.987671046609,True,False,0.6114825916532165,4337,0.99625,4000,0.6665,4000,0.3,1.0,cicids,,,,,,,,0.25428254021284247,0.18769657477429896,0.32843692199692837,2000
a1,rf,5,accumulate,fixed_ratio,auto_malicious,none,0.1,0.9277379733879222,0.1,10,recalibrated,0.5138715060492282,31667,1667,0.052641551141566933,1.0,0.0,0.052641551141566933,2.3100001271814108e-05,2.4256220999814104,0.00985,0.7278917078706331,0.9579688500106678,0.8272304361844226,0.9806027792413067,39606,394,3357,8980,1667,28923.516337807487,32272492.424091835,113011.98750180546,167,2431.7650632811146,1180468.315588233,8021.987671046609,True,False,0.603643071247406,4337,0.9945,4000,0.596,4000,0.3,1.0,cicids,,,,,,,,0.25428254021284247,0.18769657477429896,0.32843692199692837,2000
a1,rf,5,accumulate,fixed_ratio,auto_malicious,none,0.1,0.9291709314227227,0.1,11,fixed,0.38266666666666665,31833,1833,0.057581754782772596,1.0,0.0,0.057581754782772596,2.910001785494387e-05,2.2541593999776524,0.021275,0.7804166328929237,0.9187899608741292,0.843969144460028,0.9619130430817865,39149,851,2709,9628,1833,31431.504278446122,33878094.284703024,124292.48790554867,166,2507.9879406386353,1605601.8606111887,11280.500403743203,True,False,0.6707401429559603,4337,0.9955,4000,0.68425,4000,0.3,1.0,cicids,,,,,,,,0.25428254021284247,0.18769657477429896,0.32843692199692837,2000
a1,rf,5,accumulate,fixed_ratio,auto_malicious,none,0.1,0.9291709314227227,0.1,11,recalibrated,0.5146666666666667,31833,1833,0.057581754782772596,1.0,0.0,0.057581754782772596,2.910001785494387e-05,2.2541593999776524,0.009975,0.7231904028532058,0.9571934341808819,0.8238987902853449,0.9619130430817865,39601,399,3415,8922,1833,31431.504278446122,33878094.284703024,124292.48790554867,166,2507.9879406386353,1605601.8606111887,11280.500403743203,True,False,0.5960341249711782,4337,0.9935,4000,0.59075,4000,0.3,1.0,cicids,,,,,,,,0.25428254021284247,0.18769657477429896,0.32843692199692837,2000
a1,rf,5,accumulate,fixed_ratio,auto_malicious,none,0.1,0.9322415557830093,0.1,12,fixed,0.38266666666666665,32000,2000,0.0625,1.0,0.0,0.0625,2.659996971487999e-05,2.308463199995458,0.0129,0.7513982329577693,0.947271612507664,0.8380418568910184,0.9605557064116074,39484,516,3067,9270,2000,34743.812575100375,35476357.28713296,128331.55803947755,167,3312.308296654255,1598263.0024299368,4039.0701339288757,True,False,0.6107908692644686,4337,0.995,4000,0.66025,4000,0.3,1.0,cicids,,,,,,,,0.25428254021284247,0.18769657477429896,0.32843692199692837,2000
a1,rf,5,accumulate,fixed_ratio,auto_malicious,none,0.1,0.9322415557830093,0.1,12,recalibrated,0.4706666666666666,32000,2000,0.0625,1.0,0.0,0.0625,2.659996971487999e-05,2.308463199995458,0.009375,0.7319445570235876,0.960127591706539,0.8306503541532517,0.9605557064116074,39625,375,3307,9030,2000,34743.812575100375,35476357.28713296,128331.55803947755,167,3312.308296654255,1598263.0024299368,4039.0701339288757,True,False,0.6001844593036662,4337,0.99475,4000,0.612,4000,0.3,1.0,cicids,,,,,,,,0.25428254021284247,0.18769657477429896,0.32843692199692837,2000
a1,rf,5,accumulate,fixed_ratio,auto_malicious,none,0.1,0.9375639713408394,0.1,13,fixed,0.38266666666666665,32167,2167,0.06736717754220163,1.0,0.0,0.06736717754220163,4.250003257766366e-05,2.304798999975901,0.014175,0.7909540406906055,0.9450847457627118,0.8611773012090724,0.9691059070276404,39433,567,2579,9758,2167,37402.36336075871,37755494.68825124,140531.7479782764,167,2658.550785658337,2279137.4011182766,12200.18993879885,True,False,0.7804934286373069,4337,0.996,4000,0.59725,4000,0.3,1.0,cicids,,,,,,,,0.25428254021284247,0.18769657477429896,0.32843692199692837,2000
a1,rf,5,accumulate,fixed_ratio,auto_malicious,none,0.1,0.9375639713408394,0.1,13,recalibrated,0.4726836638480134,32167,2167,0.06736717754220163,1.0,0.0,0.06736717754220163,4.250003257766366e-05,2.304798999975901,0.00995,0.7119234822079922,0.9566496024398213,0.8163398085323915,0.9691059070276404,39602,398,3554,8783,2167,37402.36336075871,37755494.68825124,140531.7479782764,167,2658.550785658337,2279137.4011182766,12200.18993879885,True,False,0.6352317270002306,4337,0.99475,4000,0.51225,4000,0.3,1.0,cicids,,,,,,,,0.25428254021284247,0.18769657477429896,0.32843692199692837,2000
a1,rf,5,accumulate,fixed_ratio,auto_malicious,none,0.1,0.9340839303991811,0.1,14,fixed,0.38266666666666665,32333,2333,0.07215538304518604,1.0,0.0,0.07215538304518604,2.3899978259578347e-05,2.280613499984611,0.015825,0.7431304206857421,0.9354147535965718,0.8282591019965669,0.9698446340277215,39367,633,3169,9168,2333,40391.72548988642,41332599.419209115,157923.95508424923,166,2989.3621291277104,3577104.730957872,17392.207105972822,True,False,0.6292367996310814,4337,0.995,4000,0.61475,4000,0.3,1.0,cicids,,,,,,,,0.25428254021284247,0.18769657477429896,0.32843692199692837,2000
a1,rf,5,accumulate,fixed_ratio,auto_malicious,none,0.1,0.9340839303991811,0.1,14,recalibrated,0.48882882882882883,32333,2333,0.07215538304518604,1.0,0.0,0.07215538304518604,2.3899978259578347e-05,2.280613499984611,0.009075,0.7042230688173786,0.9598939343718926,0.8124181784178044,0.9698446340277215,39637,363,3649,8688,2333,40391.72548988642,41332599.419209115,157923.95508424923,166,2989.3621291277104,3577104.730957872,17392.207105972822,True,False,0.6031819229882407,4337,0.9935,4000,0.5245,4000,0.3,1.0,cicids,,,,,,,,0.25428254021284247,0.18769657477429896,0.32843692199692837,2000
a1,rf,5,accumulate,fixed_ratio,auto_malicious,none,0.1,0.9385875127942682,0.1,15,fixed,0.38266666666666665,32500,2500,0.07692307692307693,1.0,0.0,0.07692307692307693,2.160001895390451e-05,2.3976757999917027,0.01365,0.7386722866174921,0.9434724091520862,0.8286052009456265,0.971604081219097,39454,546,3224,9113,2500,44786.518504444095,44209253.71376593,162905.7138627276,167,4394.793014557676,2876654.294556811,4981.758778478357,True,False,0.6137883329490431,4337,0.9955,4000,0.61725,4000,0.3,1.0,cicids,,,,,,,,0.25428254021284247,0.18769657477429896,0.32843692199692837,2000
a1,rf,5,accumulate,fixed_ratio,auto_malicious,none,0.1,0.9385875127942682,0.1,15,recalibrated,0.4699999999999999,32500,2500,0.07692307692307693,1.0,0.0,0.07692307692307693,2.160001895390451e-05,2.3976757999917027,0.009975,0.7146794196320013,0.9567057291666666,0.8181691643854684,0.971604081219097,39601,399,3520,8817,2500,44786.518504444095,44209253.71376593,162905.7138627276,167,4394.793014557676,2876654.294556811,4981.758778478357,True,False,0.6038736453769887,4337,0.9955,4000,0.554,4000,0.3,1.0,cicids,,,,,,,,0.25428254021284247,0.18769657477429896,0.32843692199692837,2000
a1,rf,5,accumulate,fixed_ratio,auto_malicious,none,0.1,0.9355168884339816,0.1,16,fixed,0.38266666666666665,32667,2667,0.08164202406097897,1.0,0.0,0.08164202406097897,3.369999467395246e-05,2.4527792000153568,0.015425,0.7949258328605009,0.9408096699923254,0.8617371820218794,0.9739030254518927,39383,617,2530,9807,2667,47708.97866653359,45810142.53149821,193558.2314634315,167,2922.4601620894973,1600888.8177322836,30652.517600703886,True,False,0.6686649757897164,4337,0.996,4000,0.73075,4000,0.3,1.0,cicids,,,,,,,,0.25428254021284247,0.18769657477429896,0.32843692199692837,2000
a1,rf,5,accumulate,fixed_ratio,auto_malicious,none,0.1,0.9355168884339816,0.1,16,recalibrated,0.5206775446775446,32667,2667,0.08164202406097897,1.0,0.0,0.08164202406097897,3.369999467395246e-05,2.4527792000153568,0.009725,0.7376996028207831,0.9590094836670179,0.833921290145233,0.9739030254518927,39611,389,3236,9101,2667,47708.97866653359,45810142.53149821,193558.2314634315,167,2922.4601620894973,1600888.8177322836,30652.517600703886,True,False,0.5955729767120129,4337,0.994,4000,0.6355,4000,0.3,1.0,cicids,,,,,,,,0.25428254021284247,0.18769657477429896,0.32843692199692837,2000
a1,rf,5,accumulate,fixed_ratio,auto_malicious,none,0.1,0.9379733879222109,0.1,17,fixed,0.38266666666666665,32833,2833,0.0862851399506594,1.0,0.0,0.0862851399506594,3.100000321865082e-05,2.3411488000128884,0.01395,0.7738510172651374,0.9447798119742702,0.8508154353444435,0.9629574177271621,39442,558,2790,9547,2833,50299.579796071324,47170753.25349092,215505.04881722922,166,2590.60112953773,1360610.721992707,21946.817353797724,True,False,0.7189301360387365,4337,0.99625,4000,0.611,4000,0.3,1.0,cicids,,,,,,,,0.25428254021284247,0.18769657477429896,0.32843692199692837,2000
a1,rf,5,accumulate,fixed_ratio,auto_malicious,none,0.1,0.9379733879222109,0.1,17,recalibrated,0.4389508766201373,32833,2833,0.0862851399506594,1.0,0.0,0.0862851399506594,3.100000321865082e-05,2.3411488000128884,0.009125,0.7325930128880603,0.9611826012974583,0.8314627414903404,0.9629574177271621,39635,365,3299,9038,2833,50299.579796071324,47170753.25349092,215505.04881722922,166,2590.60112953773,1360610.721992707,21946.817353797724,True,False,0.6223195757436015,4337,0.996,4000,0.58875,4000,0.3,1.0,cicids,,,,,,,,0.25428254021284247,0.18769657477429896,0.32843692199692837,2000
a1,rf,5,accumulate,fixed_ratio,auto_malicious,none,0.1,0.9328556806550665,0.1,18,fixed,0.38266666666666665,33000,3000,0.09090909090909091,1.0,0.0,0.09090909090909091,2.300000051036477e-05,2.2907847999886144,0.021125,0.7984112831320418,0.9209911173445535,0.8553317124001388,0.9755972096133582,39155,845,2487,9850,3000,52482.04730594595,48045285.12685537,230764.4233769279,167,2182.4675098746256,874531.8733644577,15259.374559698692,True,False,0.7408346783490892,4337,0.995,4000,0.66425,4000,0.3,1.0,cicids,,,,,,,,0.25428254021284247,0.18769657477429896,0.32843692199692837,2000
a1,rf,5,accumulate,fixed_ratio,auto_malicious,none,0.1,0.9328556806550665,0.1,18,recalibrated,0.46,33000,3000,0.09090909090909091,1.0,0.0,0.09090909090909091,2.300000051036477e-05,2.2907847999886144,0.00975,0.7445083893977467,0.9592689295039164,0.8383534136546185,0.9755972096133582,39610,390,3152,9185,3000,52482.04730594595,48045285.12685537,230764.4233769279,167,2182.4675098746256,874531.8733644577,15259.374559698692,True,False,0.606409960802398,4337,0.994,4000,0.64475,4000,0.3,1.0,cicids,,,,,,,,0.25428254021284247,0.18769657477429896,0.32843692199692837,2000
a1,rf,5,accumulate,fixed_ratio,auto_malicious,none,0.1,0.9346980552712385,0.1,19,fixed,0.38266666666666665,33167,3167,0.09548647752283897,1.0,0.0,0.09548647752283897,2.9199989512562752e-05,2.3162806000036653,0.02345,0.7917646105211964,0.9123855781804595,0.8478062752245801,0.9603388627705277,39062,938,2569,9768,3167,58321.79786885049,53330613.98416447,241249.0619509202,167,5839.750562904544,5285328.8573090965,10484.638573992284,True,False,0.7274613788332949,4337,0.99575,4000,0.6575,4000,0.3,1.0,cicids,,,,,,,,0.25428254021284247,0.18769657477429896,0.32843692199692837,2000
a1,rf,5,accumulate,fixed_ratio,auto_malicious,none,0.1,0.9346980552712385,0.1,19,recalibrated,0.6254796519786696,33167,3167,0.09548647752283897,1.0,0.0,0.09548647752283897,2.9199989512562752e-05,2.3162806000036653,0.009725,0.5996595606711518,0.9500449467060486,0.735241502683363,0.9603388627705277,39611,389,4939,7398,3167,58321.79786885049,53330613.98416447,241249.0619509202,167,5839.750562904544,5285328.8573090965,10484.638573992284,True,False,0.5842748443624626,4337,0.994,4000,0.222,4000,0.3,1.0,cicids,,,,,,,,0.25428254021284247,0.18769657477429896,0.32843692199692837,2000
a1,rf,5,accumulate,fixed_ratio,auto_malicious,none,0.1,0.9353121801432958,0.1,20,fixed,0.38266666666666665,33333,3333,0.0999909999099991,1.0,0.0,0.0999909999099991,2.1799991372972727e-05,2.3301393000001553,0.013775,0.8056253546243008,0.9474737845567207,0.8708108818504403,0.9666150259382346,39449,551,2398,9939,3333,63618.830051391385,58310309.987542555,254238.66865111754,166,5297.0321825408955,4979696.003378089,12989.606700197319,True,False,0.7090154484666821,4337,0.995,4000,0.721,4000,0.3,1.0,cicids,,,,,,,,0.25428254021284247,0.18769657477429896,0.32843692199692837,2000
a1,rf,5,accumulate,fixed_ratio,auto_malicious,none,0.1,0.9353121801432958,0.1,20,recalibrated,0.4359986975638479,33333,3333,0.0999909999099991,1.0,0.0,0.0999909999099991,2.1799991372972727e-05,2.3301393000001553,0.00985,0.7586933614330874,0.9596063153578019,0.8474039201484768,0.9666150259382346,39606,394,2977,9360,3333,63618.830051391385,58310309.987542555,254238.66865111754,166,5297.0321825408955,4979696.003378089,12989.606700197319,True,False,0.6087157020982246,4337,0.995,4000,0.685,4000,0.3,1.0,cicids,,,,,,,,0.25428254021284247,0.18769657477429896,0.32843692199692837,2000
