calibration,model,threshold_mode,metric_delta,poison_ratio,contrast,n_seeds,mean,sd,t_paired,sigma_control,two_sigma
old,rf,fixed,fpr,0.05,"a1 (benign->malicious, jittered)",5,0.038375000000000006,0.005203154091510262,16.49174849089422,0.01482329764462768,0.02964659528925536
old,rf,fixed,fpr,0.05,"a1truth (same rows, true label)",5,-0.009980000000000001,0.013481276367614457,-1.655329792738072,0.01482329764462768,0.02964659528925536
old,rf,fixed,fpr,0.05,"s0j (attack->malicious, jittered)",5,0.013114999999999998,0.009989816690009885,2.9355925573926345,0.01482329764462768,0.02964659528925536
old,rf,fixed,fpr,0.05,s0 (attack->malicious),5,0.008575,0.015741495719911753,1.2180724912186545,0.01482329764462768,0.02964659528925536
old,rf,fixed,fpr,0.05,a1 - s0j  (label conflict beyond prior shift),5,0.025260000000000005,0.011264693182683675,5.014169156286625,0.01482329764462768,0.02964659528925536
old,rf,fixed,fpr,0.05,"a1 - a1truth  (effect of the label flip, same rows)",5,0.048354999999999995,0.012525391710441636,8.632469910052013,0.01482329764462768,0.02964659528925536
old,rf,fixed,fpr,0.2,"a1 (benign->malicious, jittered)",5,0.0539,0.007642009716036745,15.771252388533231,0.01482329764462768,0.02964659528925536
old,rf,fixed,fpr,0.2,"a1truth (same rows, true label)",5,-0.01588,0.012552382741933902,-2.8288461412248127,0.01482329764462768,0.02964659528925536
old,rf,fixed,fpr,0.2,"s0j (attack->malicious, jittered)",5,0.020819999999999998,0.015776192506431964,2.9509614105282465,0.01482329764462768,0.02964659528925536
old,rf,fixed,fpr,0.2,s0 (attack->malicious),5,0.026500000000000003,0.017491792718300776,3.3876345528464955,0.01482329764462768,0.02964659528925536
old,rf,fixed,fpr,0.2,a1 - s0j  (label conflict beyond prior shift),5,0.03308000000000001,0.009882139823945016,7.485132776249679,0.01482329764462768,0.02964659528925536
old,rf,fixed,fpr,0.2,"a1 - a1truth  (effect of the label flip, same rows)",5,0.06978,0.006247384452712992,24.975703776670322,0.01482329764462768,0.02964659528925536
old,rf,recalibrated,tpr,0.05,"a1 (benign->malicious, jittered)",5,-0.08530436897138685,0.025496744274171153,-7.481204884302649,0.030293837226850393,0.060587674453700786
old,rf,recalibrated,tpr,0.05,"a1truth (same rows, true label)",5,0.015173867228661764,0.04947871221354414,0.6857453859835143,0.030293837226850393,0.060587674453700786
old,rf,recalibrated,tpr,0.05,"s0j (attack->malicious, jittered)",5,-0.002642457647726326,0.029683328383620717,-0.19905836877917948,0.030293837226850393,0.060587674453700786
old,rf,recalibrated,tpr,0.05,s0 (attack->malicious),5,0.05829618221609793,0.03249795737562258,4.011151370445542,0.030293837226850393,0.060587674453700786
old,rf,recalibrated,tpr,0.05,a1 - s0j  (label conflict beyond prior shift),5,-0.08266191132366052,0.01781967304861601,-10.372673638034016,0.030293837226850393,0.060587674453700786
old,rf,recalibrated,tpr,0.05,"a1 - a1truth  (effect of the label flip, same rows)",5,-0.10047823620004862,0.05313016588497127,-4.228787218338842,0.030293837226850393,0.060587674453700786
old,rf,recalibrated,tpr,0.2,"a1 (benign->malicious, jittered)",5,-0.1089892194212531,0.03841158636757059,-6.344630005864971,0.030293837226850393,0.060587674453700786
old,rf,recalibrated,tpr,0.2,"a1truth (same rows, true label)",5,0.014152549242117219,0.028909549992076726,1.094657722758068,0.030293837226850393,0.060587674453700786
old,rf,recalibrated,tpr,0.2,"s0j (attack->malicious, jittered)",5,-0.0021236929561481376,0.028619279738184705,-0.165927369826461,0.030293837226850393,0.060587674453700786
old,rf,recalibrated,tpr,0.2,s0 (attack->malicious),5,0.0786576963605415,0.03706594120232546,4.745163627591195,0.030293837226850393,0.060587674453700786
old,rf,recalibrated,tpr,0.2,a1 - s0j  (label conflict beyond prior shift),5,-0.10686552646510497,0.02691754616514428,-8.877428134095918,0.030293837226850393,0.060587674453700786
old,rf,recalibrated,tpr,0.2,"a1 - a1truth  (effect of the label flip, same rows)",5,-0.12314176866337032,0.016104800717672146,-17.097595333713024,0.030293837226850393,0.060587674453700786
old,xgboost,fixed,fpr,0.05,"a1 (benign->malicious, jittered)",5,0.00332,0.015467116327874434,0.4799696031199055,0.009977865822787507,0.019955731645575014
old,xgboost,fixed,fpr,0.05,"a1truth (same rows, true label)",5,-0.017635,0.008425493308999776,-4.680207714495242,0.009977865822787507,0.019955731645575014
old,xgboost,fixed,fpr,0.05,"s0j (attack->malicious, jittered)",5,-0.002559999999999999,0.015171628538162936,-0.3773051790716063,0.009977865822787507,0.019955731645575014
old,xgboost,fixed,fpr,0.05,s0 (attack->malicious),5,0.028254999999999995,0.010448974231952153,6.046536176829367,0.009977865822787507,0.019955731645575014
old,xgboost,fixed,fpr,0.05,a1 - s0j  (label conflict beyond prior shift),5,0.005879999999999999,0.017064092416533616,0.7705115154533164,0.009977865822787507,0.019955731645575014
old,xgboost,fixed,fpr,0.05,"a1 - a1truth  (effect of the label flip, same rows)",5,0.020955,0.014347674027520975,3.2658118924802566,0.009977865822787507,0.019955731645575014
old,xgboost,fixed,fpr,0.2,"a1 (benign->malicious, jittered)",5,0.020649999999999998,0.009727024210929053,4.747063720011075,0.009977865822787507,0.019955731645575014
old,xgboost,fixed,fpr,0.2,"a1truth (same rows, true label)",5,-0.014329999999999996,0.01392091950985997,-2.301777127213222,0.009977865822787507,0.019955731645575014
old,xgboost,fixed,fpr,0.2,"s0j (attack->malicious, jittered)",5,0.019580000000000004,0.008529386701281633,5.133101890299702,0.009977865822787507,0.019955731645575014
old,xgboost,fixed,fpr,0.2,s0 (attack->malicious),5,0.029105000000000002,0.011394782248906738,5.711452580971918,0.009977865822787507,0.019955731645575014
old,xgboost,fixed,fpr,0.2,a1 - s0j  (label conflict beyond prior shift),5,0.0010699999999999974,0.007239936981769936,0.33047148641615054,0.009977865822787507,0.019955731645575014
old,xgboost,fixed,fpr,0.2,"a1 - a1truth  (effect of the label flip, same rows)",5,0.03498,0.011468835490144587,6.8200174220091245,0.009977865822787507,0.019955731645575014
old,xgboost,recalibrated,tpr,0.05,"a1 (benign->malicious, jittered)",5,0.023360622517629916,0.04222101779307181,1.2372022910993006,0.020048535258507097,0.040097070517014194
old,xgboost,recalibrated,tpr,0.05,"a1truth (same rows, true label)",5,-0.04064197130582796,0.07321888092701463,-1.2411854623948102,0.020048535258507097,0.040097070517014194
old,xgboost,recalibrated,tpr,0.05,"s0j (attack->malicious, jittered)",5,0.0535300316122234,0.02872790302240008,4.166568977530756,0.020048535258507097,0.040097070517014194
old,xgboost,recalibrated,tpr,0.05,s0 (attack->malicious),5,0.0527032503850207,0.021056991109247455,5.596623462710384,0.020048535258507097,0.040097070517014194
old,xgboost,recalibrated,tpr,0.05,a1 - s0j  (label conflict beyond prior shift),5,-0.03016940909459349,0.030410814972423726,-2.2183177148552042,0.020048535258507097,0.040097070517014194
old,xgboost,recalibrated,tpr,0.05,"a1 - a1truth  (effect of the label flip, same rows)",5,0.06400259382345788,0.06597076421572261,2.1693571724829597,0.020048535258507097,0.040097070517014194
old,xgboost,recalibrated,tpr,0.2,"a1 (benign->malicious, jittered)",5,0.01679500688984359,0.025626534069333257,1.4654645449385453,0.020048535258507097,0.040097070517014194
old,xgboost,recalibrated,tpr,0.2,"a1truth (same rows, true label)",5,-0.09702520872173137,0.06634619283131918,-3.2700438860823637,0.020048535258507097,0.040097070517014194
old,xgboost,recalibrated,tpr,0.2,"s0j (attack->malicious, jittered)",5,0.048617978438842545,0.03426431215650546,3.1727794277997976,0.020048535258507097,0.040097070517014194
old,xgboost,recalibrated,tpr,0.2,s0 (attack->malicious),5,0.08428305098484237,0.024229693514280098,7.778168190287473,0.020048535258507097,0.040097070517014194
old,xgboost,recalibrated,tpr,0.2,a1 - s0j  (label conflict beyond prior shift),5,-0.031822971548998956,0.01356095681292589,-5.24729402292451,0.020048535258507097,0.040097070517014194
old,xgboost,recalibrated,tpr,0.2,"a1 - a1truth  (effect of the label flip, same rows)",5,0.11382021561157496,0.0761593529351665,3.341805431800679,0.020048535258507097,0.040097070517014194
new,rf,fixed,fpr,0.05,"a1 (benign->malicious, jittered)",5,0.00427,0.005028462737258774,1.8987930830584465,0.004455567172261082,0.008911134344522164
new,rf,fixed,fpr,0.05,"a1truth (same rows, true label)",5,-0.005484999999999999,0.003872765484766667,-3.1669443721365167,0.004455567172261082,0.008911134344522164
new,rf,fixed,fpr,0.05,"s0j (attack->malicious, jittered)",5,0.0011550000000000002,0.004442212286687794,0.5813901604279118,0.004455567172261082,0.008911134344522164
new,rf,fixed,fpr,0.05,s0 (attack->malicious),5,0.0016700000000000003,0.0038370887401778966,0.9731944646793655,0.004455567172261082,0.008911134344522164
new,rf,fixed,fpr,0.05,a1 - s0j  (label conflict beyond prior shift),5,0.003115,0.006459334331028237,1.0783389422115666,0.004455567172261082,0.008911134344522164
new,rf,fixed,fpr,0.05,"a1 - a1truth  (effect of the label flip, same rows)",5,0.009755,0.00753050878095232,2.8965962002041463,0.004455567172261082,0.008911134344522164
new,rf,fixed,fpr,0.2,"a1 (benign->malicious, jittered)",5,0.01106,0.001225841547672454,20.17463992642857,0.004455567172261082,0.008911134344522164
new,rf,fixed,fpr,0.2,"a1truth (same rows, true label)",5,-0.005055,0.004293286910980909,-2.632790181655693,0.004455567172261082,0.008911134344522164
new,rf,fixed,fpr,0.2,"s0j (attack->malicious, jittered)",5,0.003689999999999999,0.004103832050657044,2.010581996320532,0.004455567172261082,0.008911134344522164
new,rf,fixed,fpr,0.2,s0 (attack->malicious),5,0.001695,0.007217695269267053,0.5251171018539034,0.004455567172261082,0.008911134344522164
new,rf,fixed,fpr,0.2,a1 - s0j  (label conflict beyond prior shift),5,0.00737,0.003937932515927615,4.184891672855771,0.004455567172261082,0.008911134344522164
new,rf,fixed,fpr,0.2,"a1 - a1truth  (effect of the label flip, same rows)",5,0.016115,0.0033153808227713464,10.868807350851442,0.004455567172261082,0.008911134344522164
new,rf,recalibrated,tpr,0.05,"a1 (benign->malicious, jittered)",5,-0.08530436897138685,0.025496744274171153,-7.481204884302649,0.030293837226850393,0.060587674453700786
new,rf,recalibrated,tpr,0.05,"a1truth (same rows, true label)",5,0.015173867228661764,0.04947871221354414,0.6857453859835143,0.030293837226850393,0.060587674453700786
new,rf,recalibrated,tpr,0.05,"s0j (attack->malicious, jittered)",5,-0.002642457647726326,0.029683328383620717,-0.19905836877917948,0.030293837226850393,0.060587674453700786
new,rf,recalibrated,tpr,0.05,s0 (attack->malicious),5,0.05829618221609793,0.03249795737562258,4.011151370445542,0.030293837226850393,0.060587674453700786
new,rf,recalibrated,tpr,0.05,a1 - s0j  (label conflict beyond prior shift),5,-0.08266191132366052,0.01781967304861601,-10.372673638034016,0.030293837226850393,0.060587674453700786
new,rf,recalibrated,tpr,0.05,"a1 - a1truth  (effect of the label flip, same rows)",5,-0.10047823620004862,0.05313016588497127,-4.228787218338842,0.030293837226850393,0.060587674453700786
new,rf,recalibrated,tpr,0.2,"a1 (benign->malicious, jittered)",5,-0.1089892194212531,0.03841158636757059,-6.344630005864971,0.030293837226850393,0.060587674453700786
new,rf,recalibrated,tpr,0.2,"a1truth (same rows, true label)",5,0.014152549242117219,0.028909549992076726,1.094657722758068,0.030293837226850393,0.060587674453700786
new,rf,recalibrated,tpr,0.2,"s0j (attack->malicious, jittered)",5,-0.0021236929561481376,0.028619279738184705,-0.165927369826461,0.030293837226850393,0.060587674453700786
new,rf,recalibrated,tpr,0.2,s0 (attack->malicious),5,0.0786576963605415,0.03706594120232546,4.745163627591195,0.030293837226850393,0.060587674453700786
new,rf,recalibrated,tpr,0.2,a1 - s0j  (label conflict beyond prior shift),5,-0.10686552646510497,0.02691754616514428,-8.877428134095918,0.030293837226850393,0.060587674453700786
new,rf,recalibrated,tpr,0.2,"a1 - a1truth  (effect of the label flip, same rows)",5,-0.12314176866337032,0.016104800717672146,-17.097595333713024,0.030293837226850393,0.060587674453700786
new,xgboost,fixed,fpr,0.05,"a1 (benign->malicious, jittered)",5,-0.00279,0.004451846527004272,-1.401357755569912,0.0061113621389897645,0.012222724277979529
new,xgboost,fixed,fpr,0.05,"a1truth (same rows, true label)",5,-0.0038249999999999994,0.004069436386036769,-2.101755428167889,0.0061113621389897645,0.012222724277979529
new,xgboost,fixed,fpr,0.05,"s0j (attack->malicious, jittered)",5,-0.003635,0.0053830056659825275,-1.5099570021961257,0.0061113621389897645,0.012222724277979529
new,xgboost,fixed,fpr,0.05,s0 (attack->malicious),5,-0.0015999999999999994,0.004931911394175689,-0.7254203245063842,0.0061113621389897645,0.012222724277979529
new,xgboost,fixed,fpr,0.05,a1 - s0j  (label conflict beyond prior shift),5,0.000845,0.0010953595300174277,1.7249837968335928,0.0061113621389897645,0.012222724277979529
new,xgboost,fixed,fpr,0.05,"a1 - a1truth  (effect of the label flip, same rows)",5,0.001035,0.0026726976072874386,0.8659155268452279,0.0061113621389897645,0.012222724277979529
new,xgboost,fixed,fpr,0.2,"a1 (benign->malicious, jittered)",5,-0.003035,0.005077142404936068,-1.3366704674491632,0.0061113621389897645,0.012222724277979529
new,xgboost,fixed,fpr,0.2,"a1truth (same rows, true label)",5,-0.00532,0.006350871003256167,-1.8731102606555419,0.0061113621389897645,0.012222724277979529
new,xgboost,fixed,fpr,0.2,"s0j (attack->malicious, jittered)",5,-0.005305,0.006272469609332515,-1.8911754634868154,0.0061113621389897645,0.012222724277979529
new,xgboost,fixed,fpr,0.2,s0 (attack->malicious),5,-0.0020499999999999997,0.0028489581429006635,-1.6089879611946267,0.0061113621389897645,0.012222724277979529
new,xgboost,fixed,fpr,0.2,a1 - s0j  (label conflict beyond prior shift),5,0.00227,0.001660515733138352,3.0568059113364674,0.0061113621389897645,0.012222724277979529
new,xgboost,fixed,fpr,0.2,"a1 - a1truth  (effect of the label flip, same rows)",5,0.0022849999999999997,0.0016893600859497065,3.024467886439179,0.0061113621389897645,0.012222724277979529
new,xgboost,recalibrated,tpr,0.05,"a1 (benign->malicious, jittered)",5,0.023360622517629916,0.04222101779307181,1.2372022910993006,0.020048535258507097,0.040097070517014194
new,xgboost,recalibrated,tpr,0.05,"a1truth (same rows, true label)",5,-0.04064197130582796,0.07321888092701463,-1.2411854623948102,0.020048535258507097,0.040097070517014194
new,xgboost,recalibrated,tpr,0.05,"s0j (attack->malicious, jittered)",5,0.0535300316122234,0.02872790302240008,4.166568977530756,0.020048535258507097,0.040097070517014194
new,xgboost,recalibrated,tpr,0.05,s0 (attack->malicious),5,0.0527032503850207,0.021056991109247455,5.596623462710384,0.020048535258507097,0.040097070517014194
new,xgboost,recalibrated,tpr,0.05,a1 - s0j  (label conflict beyond prior shift),5,-0.03016940909459349,0.030410814972423726,-2.2183177148552042,0.020048535258507097,0.040097070517014194
new,xgboost,recalibrated,tpr,0.05,"a1 - a1truth  (effect of the label flip, same rows)",5,0.06400259382345788,0.06597076421572261,2.1693571724829597,0.020048535258507097,0.040097070517014194
new,xgboost,recalibrated,tpr,0.2,"a1 (benign->malicious, jittered)",5,0.01679500688984359,0.025626534069333257,1.4654645449385453,0.020048535258507097,0.040097070517014194
new,xgboost,recalibrated,tpr,0.2,"a1truth (same rows, true label)",5,-0.09702520872173137,0.06634619283131918,-3.2700438860823637,0.020048535258507097,0.040097070517014194
new,xgboost,recalibrated,tpr,0.2,"s0j (attack->malicious, jittered)",5,0.048617978438842545,0.03426431215650546,3.1727794277997976,0.020048535258507097,0.040097070517014194
new,xgboost,recalibrated,tpr,0.2,s0 (attack->malicious),5,0.08428305098484237,0.024229693514280098,7.778168190287473,0.020048535258507097,0.040097070517014194
new,xgboost,recalibrated,tpr,0.2,a1 - s0j  (label conflict beyond prior shift),5,-0.031822971548998956,0.01356095681292589,-5.24729402292451,0.020048535258507097,0.040097070517014194
new,xgboost,recalibrated,tpr,0.2,"a1 - a1truth  (effect of the label flip, same rows)",5,0.11382021561157496,0.0761593529351665,3.341805431800679,0.020048535258507097,0.040097070517014194
